{
  "Profiles": [
    {
      "Guid" : "E2B5670E-8BFA-497C-8A1A-D186631BB460",
      "Tags" : [
    
      ],
      "Ansi 12 Color" : {
        "Red Component" : 0.42352941632270813,
        "Color Space" : "sRGB",
        "Blue Component" : 1,
        "Alpha Component" : 1,
        "Green Component" : 0.7137255072593689
      },
      "Ansi 1 Color" : {
        "Red Component" : 0.95686274766921997,
        "Color Space" : "sRGB",
        "Blue Component" : 0.40392157435417175,
        "Alpha Component" : 1,
        "Green Component" : 0.43921568989753723
      },
      "Draw Powerline Glyphs" : false,
      "Bold Color" : {
        "Red Component" : 0.46274510025978088,
        "Color Space" : "sRGB",
        "Blue Component" : 0.56470590829849243,
        "Alpha Component" : 1,
        "Green Component" : 0.51372551918029785
      },
      "Ansi 7 Color" : {
        "Red Component" : 0.56470590829849243,
        "Color Space" : "sRGB",
        "Blue Component" : 0.67058825492858887,
        "Alpha Component" : 1,
        "Green Component" : 0.61568629741668701
      },
      "Ansi 8 Color" : {
        "Red Component" : 0.38823530077934265,
        "Color Space" : "sRGB",
        "Blue Component" : 0.48235294222831726,
        "Alpha Component" : 1,
        "Green Component" : 0.43137255311012268
      },
      "Ansi 9 Color" : {
        "Red Component" : 1,
        "Color Space" : "sRGB",
        "Blue Component" : 0.54117649793624878,
        "Alpha Component" : 1,
        "Green Component" : 0.57647061347961426
      },
      "Rows" : 25,
      "Default Bookmark" : "Yes",
      "Ansi 3 Color" : {
        "Red Component" : 0.7764706015586853,
        "Color Space" : "sRGB",
        "Blue Component" : 0.14901961386203766,
        "Alpha Component" : 1,
        "Green Component" : 0.56470590829849243
      },
      "Horizontal Spacing" : 1,
      "Cursor Guide Color" : {
        "Red Component" : 1,
        "Color Space" : "sRGB",
        "Blue Component" : 1,
        "Alpha Component" : 0.019607843137254902,
        "Green Component" : 1
      },
      "Non-ASCII Anti Aliased" : true,
      "Use Bright Bold" : true,
      "Ansi 10 Color" : {
        "Red Component" : 0.41960784792900085,
        "Color Space" : "sRGB",
        "Blue Component" : 0.42745098471641541,
        "Alpha Component" : 1,
        "Green Component" : 0.76862746477127075
      },
      "Ambiguous Double Width" : false,
      "Jobs to Ignore" : [
        "rlogin",
        "ssh",
        "slogin",
        "telnet"
      ],
      "Ansi 15 Color" : {
        "Red Component" : 0.80392158031463623,
        "Color Space" : "sRGB",
        "Blue Component" : 0.89803922176361084,
        "Alpha Component" : 1,
        "Green Component" : 0.85098040103912354
      },
      "Foreground Color" : {
        "Red Component" : 0.46274510025978088,
        "Color Space" : "sRGB",
        "Blue Component" : 0.56470590829849243,
        "Alpha Component" : 1,
        "Green Component" : 0.51372551918029785
      },
      "Bound Hosts" : [
    
      ],
      "Working Directory" : "\/Users\/sculley",
      "Blinking Cursor" : false,
      "Disable Window Resizing" : true,
      "Sync Title" : false,
      "Prompt Before Closing 2" : false,
      "BM Growl" : true,
      "Mouse Reporting" : true,
      "Command" : "",
      "Description" : "My custom iTerm2 dynamic profile using Github Dark Dimmed theme",
      "Dynamic Profile Filename" : "\/Users\/sculley\/Library\/Application Support\/iTerm2\/DynamicProfiles\/MacOS-iTerm2.json",
      "Screen" : -1,
      "Selection Color" : {
        "Red Component" : 0.33165043592453003,
        "Color Space" : "sRGB",
        "Blue Component" : 0.37054044008255005,
        "Alpha Component" : 1,
        "Green Component" : 0.3491663932800293
      },
      "Columns" : 135,
      "Idle Code" : 0,
      "Ansi 13 Color" : {
        "Red Component" : 0.86274510622024536,
        "Color Space" : "sRGB",
        "Blue Component" : 0.9843137264251709,
        "Alpha Component" : 1,
        "Green Component" : 0.74117648601531982
      },
      "Custom Command" : "No",
      "ASCII Anti Aliased" : true,
      "Non Ascii Font" : "Monaco 12",
      "Vertical Spacing" : 1,
      "Use Bold Font" : true,
      "Option Key Sends" : 0,
      "Selected Text Color" : {
        "Red Component" : 0.45682883262634277,
        "Color Space" : "sRGB",
        "Blue Component" : 0.56968343257904053,
        "Alpha Component" : 1,
        "Green Component" : 0.51439452171325684
      },
      "Background Color" : {
        "Red Component" : 0.10980392247438431,
        "Color Space" : "sRGB",
        "Blue Component" : 0.15686275064945221,
        "Alpha Component" : 1,
        "Green Component" : 0.12941177189350128
      },
      "Character Encoding" : 4,
      "Ansi 11 Color" : {
        "Red Component" : 0.85490196943283081,
        "Color Space" : "sRGB",
        "Blue Component" : 0.24705882370471954,
        "Alpha Component" : 1,
        "Green Component" : 0.66666668653488159
      },
      "Use Italic Font" : true,
      "Unlimited Scrollback" : false,
      "Keyboard Map" : {
        "0xf700-0x260000" : {
          "Action" : 10,
          "Text" : "[1;6A"
        },
        "0x37-0x40000" : {
          "Action" : 11,
          "Text" : "0x1f"
        },
        "0x32-0x40000" : {
          "Action" : 11,
          "Text" : "0x00"
        },
        "0xf709-0x20000" : {
          "Action" : 10,
          "Text" : "[17;2~"
        },
        "0xf70c-0x20000" : {
          "Action" : 10,
          "Text" : "[20;2~"
        },
        "0xf729-0x20000" : {
          "Action" : 10,
          "Text" : "[1;2H"
        },
        "0xf72b-0x40000" : {
          "Action" : 10,
          "Text" : "[1;5F"
        },
        "0xf705-0x20000" : {
          "Action" : 10,
          "Text" : "[1;2Q"
        },
        "0xf703-0x260000" : {
          "Action" : 10,
          "Text" : "[1;6C"
        },
        "0xf700-0x220000" : {
          "Action" : 10,
          "Text" : "[1;2A"
        },
        "0xf701-0x280000" : {
          "Action" : 11,
          "Text" : "0x1b 0x1b 0x5b 0x42"
        },
        "0x38-0x40000" : {
          "Action" : 11,
          "Text" : "0x7f"
        },
        "0x33-0x40000" : {
          "Action" : 11,
          "Text" : "0x1b"
        },
        "0xf703-0x220000" : {
          "Action" : 10,
          "Text" : "[1;2C"
        },
        "0xf701-0x240000" : {
          "Action" : 10,
          "Text" : "[1;5B"
        },
        "0xf70d-0x20000" : {
          "Action" : 10,
          "Text" : "[21;2~"
        },
        "0xf702-0x260000" : {
          "Action" : 10,
          "Text" : "[1;6D"
        },
        "0xf729-0x40000" : {
          "Action" : 10,
          "Text" : "[1;5H"
        },
        "0xf706-0x20000" : {
          "Action" : 10,
          "Text" : "[1;2R"
        },
        "0x34-0x40000" : {
          "Action" : 11,
          "Text" : "0x1c"
        },
        "0xf700-0x280000" : {
          "Action" : 11,
          "Text" : "0x1b 0x1b 0x5b 0x41"
        },
        "0x2d-0x40000" : {
          "Action" : 11,
          "Text" : "0x1f"
        },
        "0xf70e-0x20000" : {
          "Action" : 10,
          "Text" : "[23;2~"
        },
        "0xf702-0x220000" : {
          "Action" : 10,
          "Text" : "[1;2D"
        },
        "0xf703-0x280000" : {
          "Action" : 11,
          "Text" : "0x1b 0x1b 0x5b 0x43"
        },
        "0xf700-0x240000" : {
          "Action" : 10,
          "Text" : "[1;5A"
        },
        "0xf707-0x20000" : {
          "Action" : 10,
          "Text" : "[1;2S"
        },
        "0xf70a-0x20000" : {
          "Action" : 10,
          "Text" : "[18;2~"
        },
        "0x35-0x40000" : {
          "Action" : 11,
          "Text" : "0x1d"
        },
        "0xf70f-0x20000" : {
          "Action" : 10,
          "Text" : "[24;2~"
        },